{"cameraMode":{"drawMode":0,"name":"Shaded","section":"Shading Mode"},"sceneLighting":false,"audioPlay":false,"sceneViewState":{"m_AlwaysRefresh":false,"showFog":true,"showSkybox":false,"showFlares":true,"showImageEffects":true,"showParticleSystems":true,"showVisualEffectGraphs":true,"m_FxEnabled":true},"in2DMode":false,"pivot":{"x":-2.7096757888793947,"y":1.4861687421798707,"z":0.24474596977233888},"rotation":{"x":0.121224045753479,"y":0.11763926595449448,"z":-0.01461983285844326,"w":0.9855981469154358},"size":0.148468017578125,"orthographic":false}