{"cameraMode":{"drawMode":0,"name":"Shaded","section":"Shading Mode"},"sceneLighting":true,"audioPlay":false,"sceneViewState":{"m_AlwaysRefresh":false,"showFog":true,"showSkybox":true,"showFlares":true,"showImageEffects":true,"showParticleSystems":true,"showVisualEffectGraphs":true,"m_FxEnabled":true},"in2DMode":false,"pivot":{"x":-2.9007937908172609,"y":0.024045467376708986,"z":5.871840000152588},"rotation":{"x":0.12557701766490937,"y":-0.17527544498443604,"z":0.02195858769118786,"w":0.9763657450675964},"size":3.0976715087890627,"orthographic":false}