{"cameraMode":{"drawMode":0,"name":"Shaded","section":"Shading Mode"},"sceneLighting":false,"audioPlay":false,"sceneViewState":{"m_AlwaysRefresh":false,"showFog":true,"showSkybox":false,"showFlares":true,"showImageEffects":true,"showParticleSystems":true,"showVisualEffectGraphs":true,"m_FxEnabled":true},"in2DMode":false,"pivot":{"x":-6.581127643585205,"y":0.18913227319717408,"z":-0.7609567642211914},"rotation":{"x":0.028245434165000917,"y":-0.9601851105690002,"z":0.25828731060028078,"w":0.10375285148620606},"size":0.337838351726532,"orthographic":false}