{"cameraMode":{"drawMode":0,"name":"Shaded","section":"Shading Mode"},"sceneLighting":true,"audioPlay":false,"sceneViewState":{"m_AlwaysRefresh":false,"showFog":true,"showSkybox":true,"showFlares":true,"showImageEffects":true,"showParticleSystems":true,"showVisualEffectGraphs":true,"m_FxEnabled":true},"in2DMode":false,"pivot":{"x":2.7412195205688478,"y":1.7521800994873047,"z":-0.19104605913162232},"rotation":{"x":0.07409501820802689,"y":0.6709893345832825,"z":-0.06765228509902954,"w":0.734690248966217},"size":3.8222811222076418,"orthographic":false}