{"cameraMode":{"drawMode":0,"name":"Shaded","section":"Shading Mode"},"sceneLighting":true,"audioPlay":false,"sceneViewState":{"m_AlwaysRefresh":false,"showFog":true,"showSkybox":true,"showFlares":true,"showImageEffects":true,"showParticleSystems":true,"showVisualEffectGraphs":true,"m_FxEnabled":true},"in2DMode":false,"pivot":{"x":-6.202330589294434,"y":0.8552247285842896,"z":-1.2092922925949097},"rotation":{"x":0.11529584974050522,"y":-0.7170891761779785,"z":0.12237577140331269,"w":0.6767261028289795},"size":2.7717273235321047,"orthographic":false}