{"cameraMode":{"drawMode":0,"name":"Shaded","section":"Shading Mode"},"sceneLighting":true,"audioPlay":false,"sceneViewState":{"m_AlwaysRefresh":false,"showFog":true,"showSkybox":true,"showFlares":true,"showImageEffects":true,"showParticleSystems":true,"showVisualEffectGraphs":true,"m_FxEnabled":true},"in2DMode":false,"pivot":{"x":-0.2733358144760132,"y":1.6221970319747925,"z":0.45489203929901125},"rotation":{"x":0.03706429526209831,"y":0.6034338474273682,"z":-0.027077166363596917,"w":0.7964227199554443},"size":1.0387961864471436,"orthographic":false}